{"valueType":"nodes","values":[{"_typeName":"Track","id":"cjfm1nk150i670a99yr1uv13u","Bytes":2509409,"Milliseconds":154386,"Name":"Love Is a Losing Game","TrackId":3460,"UnitPrice":0.99,"createdAt":"2018-04-05T04:51:27.000Z","updatedAt":"2018-04-05T04:51:27.000Z"},{"_typeName":"Track","id":"cjfm1nk2u0i6d0a99qt1eqpxu","Bytes":2996598,"Composer":"Nickolas Ashford & Valerie Simpson","Milliseconds":185293,"Name":"Tears Dry On Their Own","TrackId":3461,"UnitPrice":0.99,"createdAt":"2018-04-05T04:51:27.000Z","updatedAt":"2018-04-05T04:51:27.000Z"},{"_typeName":"Track","id":"cjfm1nk480i6j0a99w3qihv6d","Bytes":3576773,"Composer":"Paul O'duffy","Milliseconds":221413,"Name":"Wake Up Alone","TrackId":3462,"UnitPrice":0.99,"createdAt":"2018-04-05T04:51:27.000Z","updatedAt":"2018-04-05T04:51:27.000Z"},{"_typeName":"Track","id":"cjfm1nk5o0i6p0a99xc4fo1a4","Bytes":2304465,"Milliseconds":141520,"Name":"Some Unholy War","TrackId":3463,"UnitPrice":0.99,"createdAt":"2018-04-05T04:51:27.000Z","updatedAt":"2018-04-05T04:51:27.000Z"},{"_typeName":"Track","id":"cjfm1nk7a0i6v0a99jpgxuxf2","Bytes":2666531,"Composer":"Richard Poindexter & Robert Poindexter","Milliseconds":166680,"Name":"He Can Only Hold Her","TrackId":3464,"UnitPrice":0.99,"createdAt":"2018-04-05T04:51:27.000Z","updatedAt":"2018-04-05T04:51:27.000Z"},{"_typeName":"Track","id":"cjfm1nk8p0i710a99odff5hrl","Bytes":3260658,"Milliseconds":202320,"Name":"You Know I'm No Good (feat. Ghostface Killah)","TrackId":3465,"UnitPrice":0.99,"createdAt":"2018-04-05T04:51:27.000Z","updatedAt":"2018-04-05T04:51:27.000Z"},{"_typeName":"Track","id":"cjfm1nka70i770a99uxc7ev52","Bytes":6670600,"Milliseconds":418293,"Name":"Rehab (Hot Chip Remix)","TrackId":3466,"UnitPrice":0.99,"createdAt":"2018-04-05T04:51:27.000Z","updatedAt":"2018-04-05T04:51:27.000Z"},{"_typeName":"Track","id":"cjfm1nkbr0i7d0a99184jtejx","Bytes":3832165,"Milliseconds":234200,"Name":"Intro / Stronger Than Me","TrackId":3467,"UnitPrice":0.99,"createdAt":"2018-04-05T04:51:27.000Z","updatedAt":"2018-04-05T04:51:27.000Z"},{"_typeName":"Track","id":"cjfm1nkde0i7j0a99gmp2co0m","Bytes":6657517,"Milliseconds":409906,"Name":"You Sent Me Flying / Cherry","TrackId":3468,"UnitPrice":0.99,"createdAt":"2018-04-05T04:51:27.000Z","updatedAt":"2018-04-05T04:51:27.000Z"},{"_typeName":"Track","id":"cjfm1nkey0i7p0a99kaumei44","Bytes":3324343,"Composer":"Salaam Remi","Milliseconds":200253,"Name":"F**k Me Pumps","TrackId":3469,"UnitPrice":0.99,"createdAt":"2018-04-05T04:51:27.000Z","updatedAt":"2018-04-05T04:51:27.000Z"},{"_typeName":"Track","id":"cjfm1nkgg0i7v0a99nqaovrjy","Bytes":2190831,"Milliseconds":129666,"Name":"I Heard Love Is Blind","TrackId":3470,"UnitPrice":0.99,"createdAt":"2018-04-05T04:51:27.000Z","updatedAt":"2018-04-05T04:51:27.000Z"},{"_typeName":"Track","id":"cjfm1nkhy0i810a9900fao957","Bytes":2773507,"Composer":"Isham Jones & Marty Symes","Milliseconds":167933,"Name":"(There Is) No Greater Love (Teo Licks)","TrackId":3471,"UnitPrice":0.99,"createdAt":"2018-04-05T04:51:28.000Z","updatedAt":"2018-04-05T04:51:28.000Z"},{"_typeName":"Track","id":"cjfm1nkjh0i870a995m38fjau","Bytes":5211774,"Composer":"Salaam Remi","Milliseconds":315960,"Name":"In My Bed","TrackId":3472,"UnitPrice":0.99,"createdAt":"2018-04-05T04:51:28.000Z","updatedAt":"2018-04-05T04:51:28.000Z"},{"_typeName":"Track","id":"cjfm1nkl30i8d0a99nips16fm","Bytes":3281526,"Composer":"Luke Smith","Milliseconds":199160,"Name":"Take the Box","TrackId":3473,"UnitPrice":0.99,"createdAt":"2018-04-05T04:51:28.000Z","updatedAt":"2018-04-05T04:51:28.000Z"},{"_typeName":"Track","id":"cjfm1nkmo0i8j0a99vlmn6p8j","Bytes":3358125,"Composer":"Matt Rowe & Stefan Skarbek","Milliseconds":204846,"Name":"October Song","TrackId":3474,"UnitPrice":0.99,"createdAt":"2018-04-05T04:51:28.000Z","updatedAt":"2018-04-05T04:51:28.000Z"},{"_typeName":"Track","id":"cjfm1nko60i8p0a99ixkrw74n","Bytes":3426106,"Composer":"Delroy \"Chris\" Cooper, Donovan Jackson, Earl Chinna Smith, Felix Howard, Gordon Williams, Luke Smith, Paul Watson & Wilburn Squiddley Cole","Milliseconds":209573,"Name":"What Is It About Men","TrackId":3475,"UnitPrice":0.99,"createdAt":"2018-04-05T04:51:28.000Z","updatedAt":"2018-04-05T04:51:28.000Z"},{"_typeName":"Track","id":"cjfm1nkps0i8v0a99fj0lm3rt","Bytes":5029266,"Composer":"Freddy James, Jimmy hogarth & Larry Stock","Milliseconds":300884,"Name":"Help Yourself","TrackId":3476,"UnitPrice":0.99,"createdAt":"2018-04-05T04:51:28.000Z","updatedAt":"2018-04-05T04:51:28.000Z"},{"_typeName":"Track","id":"cjfm1nkr90i910a99bjs42ytx","Bytes":10564704,"Composer":"Astor Campbell, Delroy \"Chris\" Cooper, Donovan Jackson, Dorothy Fields, Earl Chinna Smith, Felix Howard, Gordon Williams, James Moody, Jimmy McHugh, Matt Rowe, Salaam Remi & Stefan Skarbek","Milliseconds":663426,"Name":"Amy Amy Amy (Outro)","TrackId":3477,"UnitPrice":0.99,"createdAt":"2018-04-05T04:51:28.000Z","updatedAt":"2018-04-05T04:51:28.000Z"},{"_typeName":"Track","id":"cjfm1nksw0i970a990kc4vcss","Bytes":3644793,"Milliseconds":215386,"Name":"Slowness","TrackId":3478,"UnitPrice":0.99,"createdAt":"2018-04-05T04:51:28.000Z","updatedAt":"2018-04-05T04:51:28.000Z"},{"_typeName":"Track","id":"cjfm1nkun0i9d0a99rrxms6yn","Bytes":10887931,"Composer":"Ludwig van Beethoven","Milliseconds":339567,"Name":"Prometheus Overture, Op. 43","TrackId":3479,"UnitPrice":0.99,"createdAt":"2018-04-05T04:51:28.000Z","updatedAt":"2018-04-05T04:51:28.000Z"},{"_typeName":"Track","id":"cjfm1nkw60i9j0a99udi38t8g","Bytes":9785346,"Composer":"Béla Bartók","Milliseconds":299350,"Name":"Sonata for Solo Violin: IV: Presto","TrackId":3480,"UnitPrice":0.99,"createdAt":"2018-04-05T04:51:28.000Z","updatedAt":"2018-04-05T04:51:28.000Z"},{"_typeName":"Track","id":"cjfm1nkxn0i9p0a99zb8xtwub","Bytes":6497867,"Milliseconds":387826,"Name":"A Midsummer Night's Dream, Op.61 Incidental Music: No.7 Notturno","TrackId":3481,"UnitPrice":0.99,"createdAt":"2018-04-05T04:51:28.000Z","updatedAt":"2018-04-05T04:51:28.000Z"},{"_typeName":"Track","id":"cjfm1nkz60i9v0a99dqgl1ehn","Bytes":3847164,"Composer":"Johann Sebastian Bach","Milliseconds":225933,"Name":"Suite No. 3 in D, BWV 1068: III. Gavotte I & II","TrackId":3482,"UnitPrice":0.99,"createdAt":"2018-04-05T04:51:28.000Z","updatedAt":"2018-04-05T04:51:28.000Z"},{"_typeName":"Track","id":"cjfm1nl0o0ia10a99p85lcpwn","Bytes":1973559,"Composer":"Marc-Antoine Charpentier","Milliseconds":110266,"Name":"Concert pour 4 Parties de V**les, H. 545: I. Prelude","TrackId":3483,"UnitPrice":0.99,"createdAt":"2018-04-05T04:51:28.000Z","updatedAt":"2018-04-05T04:51:28.000Z"},{"_typeName":"Track","id":"cjfm1nl230ia70a99ypp1jrat","Bytes":4781384,"Composer":"Astor Piazzolla","Milliseconds":289388,"Name":"Adios nonino","TrackId":3484,"UnitPrice":0.99,"createdAt":"2018-04-05T04:51:28.000Z","updatedAt":"2018-04-05T04:51:28.000Z"},{"_typeName":"Track","id":"cjfm1nl3l0iad0a99qioo1xim","Bytes":9273123,"Composer":"Henryk Górecki","Milliseconds":567494,"Name":"Symphony No. 3 Op. 36 for Orchestra and Soprano \"Symfonia Piesni Zalosnych\" \\ Lento E Largo - Tranquillissimo","TrackId":3485,"UnitPrice":0.99,"createdAt":"2018-04-05T04:51:28.000Z","updatedAt":"2018-04-05T04:51:28.000Z"},{"_typeName":"Track","id":"cjfm1nl560iaj0a99liy915d3","Bytes":5987695,"Composer":"Henry Purcell","Milliseconds":364296,"Name":"Act IV, Symphony","TrackId":3486,"UnitPrice":0.99,"createdAt":"2018-04-05T04:51:28.000Z","updatedAt":"2018-04-05T04:51:28.000Z"},{"_typeName":"Track","id":"cjfm1nl6r0iap0a99wsj2nnry","Bytes":6458501,"Composer":"Erik Satie","Milliseconds":385506,"Name":"3 Gymnopédies: No.1 - Lent Et Grave, No.3 - Lent Et Douloureux","TrackId":3487,"UnitPrice":0.99,"createdAt":"2018-04-05T04:51:28.000Z","updatedAt":"2018-04-05T04:51:28.000Z"},{"_typeName":"Track","id":"cjfm1nl850iav0a990655tp7i","Bytes":2365930,"Composer":"Henry Purcell","Milliseconds":142081,"Name":"Music for the Funeral of Queen Mary: VI. \"Thou Knowest, Lord, the Secrets of Our Hearts\"","TrackId":3488,"UnitPrice":0.99,"createdAt":"2018-04-05T04:51:28.000Z","updatedAt":"2018-04-05T04:51:28.000Z"},{"_typeName":"Track","id":"cjfm1nl9n0ib10a999mrcasti","Bytes":6129146,"Composer":"Kurt Weill","Milliseconds":376510,"Name":"Symphony No. 2: III. Allegro vivace","TrackId":3489,"UnitPrice":0.99,"createdAt":"2018-04-05T04:51:29.000Z","updatedAt":"2018-04-05T04:51:29.000Z"},{"_typeName":"Track","id":"cjfm1nlbb0ib70a997yco0dr3","Bytes":4744929,"Composer":"Johann Sebastian Bach","Milliseconds":285673,"Name":"Partita in E Major, BWV 1006A: I. Prelude","TrackId":3490,"UnitPrice":0.99,"createdAt":"2018-04-05T04:51:29.000Z","updatedAt":"2018-04-05T04:51:29.000Z"},{"_typeName":"Track","id":"cjfm1nlcu0ibd0a99gb3wvvzk","Bytes":4072205,"Composer":"Igor Stravinsky","Milliseconds":234746,"Name":"Le Sacre Du Printemps: I.iv. Spring Rounds","TrackId":3491,"UnitPrice":0.99,"createdAt":"2018-04-05T04:51:29.000Z","updatedAt":"2018-04-05T04:51:29.000Z"},{"_typeName":"Track","id":"cjfm1nlei0ibj0a99b0vsa8yj","Bytes":2256484,"Composer":"William Byrd","Milliseconds":133768,"Name":"Sing Joyfully","TrackId":3492,"UnitPrice":0.99,"createdAt":"2018-04-05T04:51:29.000Z","updatedAt":"2018-04-05T04:51:29.000Z"},{"_typeName":"Track","id":"cjfm1nlg00ibp0a99geruouc6","Bytes":5548755,"Composer":"Karol Szymanowski","Milliseconds":333669,"Name":"Metopes, Op. 29: Calypso","TrackId":3493,"UnitPrice":0.99,"createdAt":"2018-04-05T04:51:29.000Z","updatedAt":"2018-04-05T04:51:29.000Z"},{"_typeName":"Track","id":"cjfm1nlhn0ibv0a99z0ajxf26","Bytes":4834785,"Composer":"Carl Nielsen","Milliseconds":286998,"Name":"Symphony No. 2, Op. 16 -  \"The Four Temperaments\": II. Allegro Comodo e Flemmatico","TrackId":3494,"UnitPrice":0.99,"createdAt":"2018-04-05T04:51:29.000Z","updatedAt":"2018-04-05T04:51:29.000Z"},{"_typeName":"Track","id":"cjfm1nlj60ic10a9950nsqjxf","Bytes":4371533,"Composer":"Niccolò Paganini","Milliseconds":265541,"Name":"24 Caprices, Op. 1, No. 24, for Solo Violin, in A Minor","TrackId":3495,"UnitPrice":0.99,"createdAt":"2018-04-05T04:51:29.000Z","updatedAt":"2018-04-05T04:51:29.000Z"},{"_typeName":"Track","id":"cjfm1nlku0ic70a996vcc19ra","Bytes":2229617,"Milliseconds":51780,"Name":"Étude 1, In C Major - Preludio (Presto) - Liszt","TrackId":3496,"UnitPrice":0.99,"createdAt":"2018-04-05T04:51:29.000Z","updatedAt":"2018-04-05T04:51:29.000Z"},{"_typeName":"Track","id":"cjfm1nlmj0icd0a99910xqbay","Bytes":4307907,"Milliseconds":261849,"Name":"Erlkonig, D.328","TrackId":3497,"UnitPrice":0.99,"createdAt":"2018-04-05T04:51:29.000Z","updatedAt":"2018-04-05T04:51:29.000Z"},{"_typeName":"Track","id":"cjfm1nlo40icj0a9933sxecux","Bytes":16454937,"Composer":"Pietro Antonio Locatelli","Milliseconds":493573,"Name":"Concerto for Violin, Strings and Continuo in G Major, Op. 3, No. 9: I. Allegro","TrackId":3498,"UnitPrice":0.99,"createdAt":"2018-04-05T04:51:29.000Z","updatedAt":"2018-04-05T04:51:29.000Z"},{"_typeName":"Track","id":"cjfm1nlpr0icp0a99u8fik2mw","Bytes":4718950,"Milliseconds":286741,"Name":"Pini Di Roma (Pinien Von Rom) \\ I Pini Della Via Appia","TrackId":3499,"UnitPrice":0.99,"createdAt":"2018-04-05T04:51:29.000Z","updatedAt":"2018-04-05T04:51:29.000Z"},{"_typeName":"Track","id":"cjfm1nlr70icv0a99od22phrr","Bytes":2283131,"Composer":"Franz Schubert","Milliseconds":139200,"Name":"String Quartet No. 12 in C Minor, D. 703 \"Quartettsatz\": II. Andante - Allegro assai","TrackId":3500,"UnitPrice":0.99,"createdAt":"2018-04-05T04:51:29.000Z","updatedAt":"2018-04-05T04:51:29.000Z"},{"_typeName":"Track","id":"cjfm1nlso0id10a999rz2nhxn","Bytes":1189062,"Composer":"Claudio Monteverdi","Milliseconds":66639,"Name":"L'orfeo, Act 3, Sinfonia (Orchestra)","TrackId":3501,"UnitPrice":0.99,"createdAt":"2018-04-05T04:51:29.000Z","updatedAt":"2018-04-05T04:51:29.000Z"},{"_typeName":"Track","id":"cjfm1nlub0id70a999mfhyjaw","Bytes":3665114,"Composer":"Wolfgang Amadeus Mozart","Milliseconds":221331,"Name":"Quintet for Horn, Violin, 2 Violas, and Cello in E Flat Major, K. 407/386c: III. Allegro","TrackId":3502,"UnitPrice":0.99,"createdAt":"2018-04-05T04:51:29.000Z","updatedAt":"2018-04-05T04:51:29.000Z"},{"_typeName":"Track","id":"cjfm1nlvs0idd0a999kpkqtsh","Bytes":3305164,"Composer":"Philip Glass","Milliseconds":206005,"Name":"Koyaanisqatsi","TrackId":3503,"UnitPrice":0.99,"createdAt":"2018-04-05T04:51:29.000Z","updatedAt":"2018-04-05T04:51:29.000Z"}]}